Element,Mean_Importance,Std_Importance,Count
H,0.0,0.0,60
S,1.5491933822631836,0.0,1
Al,1.3856406211853027,0.0,2
Fe,2.0,0.0,1
B,0.800000011920929,0.0,2
Na,1.2649110555648804,0.0,5
Si,1.4422205686569214,0.0,2
Ge,2.2271058559417725,0.0,1
Ni,2.078460931777954,0.0,1
Co,2.0396077632904053,0.0,2
Ga,2.190890312194824,0.0,1
