Substitution,Count,Mean_Energy_Diff,Stabilizing_Percent
H → He,20,-0.05000000074505806,100.0
Na → H,10,0.5,0.0
Al → Li,3,0.5,0.0
Al → He,3,0.550000011920929,0.0
Al → Be,3,0.45000001788139343,0.0
Al → H,3,0.6000000238418579,0.0
Si → Li,3,0.550000011920929,0.0
Si → Be,3,0.5,0.0
Si → B,3,0.45000001788139343,0.0
S → Ne,2,0.30000001192092896,0.0
Al → B,2,0.4000000059604645,0.0
Si → H,2,0.6500000357627869,0.0
Si → He,2,0.6000000238418579,0.0
Si → N,2,0.3499999940395355,0.0
